#,Filename,Thumbnail URL,Caption
1,photo-20260826-023604.jpg,https://nbiryukov25.github.io/joyce-photos-gallery/assets/Northern-Summer-Fun/photo-20260826-023604.jpg,"Her husband kisses her goodbye at the marina, completely unaware that an older gentleman has already arranged to meet her on the cruise"
2,photo-20260707-185745-02.jpg,https://nbiryukov25.github.io/joyce-photos-gallery/assets/Northern-Summer-Fun/photo-20260707-185745-02.jpg,"On the cruise deck at night, she sits nude on the Black man's lap under the full moon, her husband thinks she's alone in her cabin"
3,photo-20260823-064054.jpg,https://nbiryukov25.github.io/joyce-photos-gallery/assets/Northern-Summer-Fun/photo-20260823-064054.jpg,"The older man who lured her onboard puts his arm around her on the ferry, telling her about the 'special guests' waiting for her"
4,photo-20260823-064715.jpg,https://nbiryukov25.github.io/joyce-photos-gallery/assets/Northern-Summer-Fun/photo-20260823-064715.jpg,"She smiles nervously as the older man holds her close on the ferry deck, his hands already exploring what he promised would be a 'fun day'"
5,photo-20260823-064717-01.jpg,https://nbiryukov25.github.io/joyce-photos-gallery/assets/Northern-Summer-Fun/photo-20260823-064717-01.jpg,"Alone in her bikini on the ferry, she texts her husband 'having a relaxing day' while the older man watches her from across the deck"
6,photo-20260823-064720-02.jpg,https://nbiryukov25.github.io/joyce-photos-gallery/assets/Northern-Summer-Fun/photo-20260823-064720-02.jpg,"The older man embraces her from behind on the ferry, whispering that the other guests are 'very eager to meet her'"
7,photo-20260823-203905.jpg,https://nbiryukov25.github.io/joyce-photos-gallery/assets/Northern-Summer-Fun/photo-20260823-203905.jpg,"Walking hand-in-hand with the older man at night, she realizes too late that the cruise is empty except for the men who need relief"
8,photo-20260823-203907-01.jpg,https://nbiryukov25.github.io/joyce-photos-gallery/assets/Northern-Summer-Fun/photo-20260823-203907-01.jpg,"The older man pulls her close for a kiss on the deck, his experienced hands already claiming what her husband thinks is safely alone"
9,photo-20260823-203910-02.jpg,https://nbiryukov25.github.io/joyce-photos-gallery/assets/Northern-Summer-Fun/photo-20260823-203910-02.jpg,"She submits to his kiss under the night sky, the ocean waves masking her guilt as she realizes this isn't the cruise she expected"
10,photo-20260823-203912-03.jpg,https://nbiryukov25.github.io/joyce-photos-gallery/assets/Northern-Summer-Fun/photo-20260823-203912-03.jpg,"His tongue explores her mouth while his hands grip her hips, the first of many men who will use her through the night"
11,photo-20260823-203915-04.jpg,https://nbiryukov25.github.io/joyce-photos-gallery/assets/Northern-Summer-Fun/photo-20260823-203915-04.jpg,"She feels his hardness pressing against her as they kiss, knowing her husband's trusting face is far from her mind now"
12,photo-20260823-203917-05.jpg,https://nbiryukov25.github.io/joyce-photos-gallery/assets/Northern-Summer-Fun/photo-20260823-203917-05.jpg,"The older man leads her to the private deck, already texting the others that she's ready for them"
13,photo-20260824-133801.jpg,https://nbiryukov25.github.io/joyce-photos-gallery/assets/Northern-Summer-Fun/photo-20260824-133801.jpg,"Inside the ferry cabin, the younger man joins them - muscular and hungry, he watches as the older man presents her to him"
14,photo-20260824-132235.jpg,https://nbiryukov25.github.io/joyce-photos-gallery/assets/Northern-Summer-Fun/photo-20260824-132235.jpg,"The younger man takes charge immediately, pushing her onto the bed while the older man watches from the chair"
15,photo-20260824-132237-01.jpg,https://nbiryukov25.github.io/joyce-photos-gallery/assets/Northern-Summer-Fun/photo-20260824-132237-01.jpg,"She lies back on the bed as the younger man looms over her, his hands already pulling at her bikini"
16,photo-20260824-132240-02.jpg,https://nbiryukov25.github.io/joyce-photos-gallery/assets/Northern-Summer-Fun/photo-20260824-132240-02.jpg,"The younger man's mouth finds her neck as his fingers slide into her bikini bottoms, the older man stroking himself as he watches"
17,photo-20260824-132242-03.jpg,https://nbiryukov25.github.io/joyce-photos-gallery/assets/Northern-Summer-Fun/photo-20260824-132242-03.jpg,"She gasps as he enters her with his fingers, her body betraying her as she responds to his rough touch"
18,photo-20260824-132245-04.jpg,https://nbiryukov25.github.io/joyce-photos-gallery/assets/Northern-Summer-Fun/photo-20260824-132245-04.jpg,"The younger man positions himself between her legs, the older man nodding approval as he prepares to take her first"
19,photo-20260824-132247-05.jpg,https://nbiryukov25.github.io/joyce-photos-gallery/assets/Northern-Summer-Fun/photo-20260824-132247-05.jpg,"He thrusts into her deeply, her moans filling the cabin as the boat rocks with their movements"
20,photo-20260824-061846.jpg,https://nbiryukov25.github.io/joyce-photos-gallery/assets/Northern-Summer-Fun/photo-20260824-061846.jpg,"The younger man takes her from behind, gripping her hair as he uses her hard and fast, the older man filming for later"
21,photo-20260824-061849-01.jpg,https://nbiryukov25.github.io/joyce-photos-gallery/assets/Northern-Summer-Fun/photo-20260824-061849-01.jpg,"She's bent over completely now, taking him deep as he slaps her ass, marking her as his for the moment"
22,photo-20260824-061851-02.jpg,https://nbiryukov25.github.io/joyce-photos-gallery/assets/Northern-Summer-Fun/photo-20260824-061851-02.jpg,"He finishes inside her with a groan, leaving her trembling and filled as he pulls out and the older man approaches"
23,photo-20260824-061853-03.jpg,https://nbiryukov25.github.io/joyce-photos-gallery/assets/Northern-Summer-Fun/photo-20260824-061853-03.jpg,"The older man takes his turn, his experienced hands positioning her exactly how he wants her on the bed"
24,photo-20260824-061856-04.jpg,https://nbiryukov25.github.io/joyce-photos-gallery/assets/Northern-Summer-Fun/photo-20260824-061856-04.jpg,"Despite his age, he has stamina, thrusting into her slowly and deeply while the younger man watches and recovers"
25,photo-20260824-061858-05.jpg,https://nbiryukov25.github.io/joyce-photos-gallery/assets/Northern-Summer-Fun/photo-20260824-061858-05.jpg,"He fills her again, the second load of the night, as she lies exhausted wondering how many more times they'll use her"
26,photo-20260825-174536.jpg,https://nbiryukov25.github.io/joyce-photos-gallery/assets/Northern-Summer-Fun/photo-20260825-174536.jpg,"Later that night on the deck, the Black man joins them - powerful and dominant, he sits in the chair waiting for her"
27,photo-20260825-174538-01.jpg,https://nbiryukov25.github.io/joyce-photos-gallery/assets/Northern-Summer-Fun/photo-20260825-174538-01.jpg,"She approaches him nervously, his size intimidating as he gestures for her to come closer under the moonlight"
28,photo-20260825-220731.jpg,https://nbiryukov25.github.io/joyce-photos-gallery/assets/Northern-Summer-Fun/photo-20260825-220731.jpg,"The Black man pulls her onto his lap, his strong hands gripping her hips as she settles against his massive frame"
29,photo-20260825-220736-01.jpg,https://nbiryukov25.github.io/joyce-photos-gallery/assets/Northern-Summer-Fun/photo-20260825-220736-01.jpg,"She rides him slowly at first, his thickness stretching her as the other men watch from the shadows"
30,photo-20260826-021354.jpg,https://nbiryukov25.github.io/joyce-photos-gallery/assets/Northern-Summer-Fun/photo-20260826-021354.jpg,"He lifts her easily, bouncing her on his shaft as she clings to his shoulders, completely lost in the sensation"
31,photo-20260826-070456.jpg,https://nbiryukov25.github.io/joyce-photos-gallery/assets/Northern-Summer-Fun/photo-20260826-070456.jpg,"The Black man stands with her wrapped around him, carrying her to the railing where he takes her standing up"
32,photo-20260826-070459-01.jpg,https://nbiryukov25.github.io/joyce-photos-gallery/assets/Northern-Summer-Fun/photo-20260826-070459-01.jpg,"Pressed against the railing overlooking the ocean, he thrusts up into her, her moans carried away by the wind"
33,photo-20260826-070501-02.jpg,https://nbiryukov25.github.io/joyce-photos-gallery/assets/Northern-Summer-Fun/photo-20260826-070501-02.jpg,"He sets her down on the deck chair, spreading her legs wide as he kneels between them, preparing to taste her"
34,photo-20260826-070504-03.jpg,https://nbiryukov25.github.io/joyce-photos-gallery/assets/Northern-Summer-Fun/photo-20260826-070504-03.jpg,"His tongue explores her deeply, his beard rough against her thighs as he devours what the other men have left inside her"
35,photo-20260826-070507-04.jpg,https://nbiryukov25.github.io/joyce-photos-gallery/assets/Northern-Summer-Fun/photo-20260826-070507-04.jpg,"She climaxes on his tongue, her back arching as he holds her hips steady, not letting her escape the pleasure"
36,photo-20260826-070509-05.jpg,https://nbiryukov25.github.io/joyce-photos-gallery/assets/Northern-Summer-Fun/photo-20260826-070509-05.jpg,"He stands and enters her again, her body still trembling from her orgasm as he uses her mercilessly"
37,photo-20260826-070512-06.jpg,https://nbiryukov25.github.io/joyce-photos-gallery/assets/Northern-Summer-Fun/photo-20260826-070512-06.jpg,"The other men join in now, passing her between them like a toy, each taking their turn to relieve themselves in her"
38,photo-20260826-070515-07.jpg,https://nbiryukov25.github.io/joyce-photos-gallery/assets/Northern-Summer-Fun/photo-20260826-070515-07.jpg,"She loses count of how many times she's been filled, her body covered in sweat and their essence"
39,photo-20260826-070617.jpg,https://nbiryukov25.github.io/joyce-photos-gallery/assets/Northern-Summer-Fun/photo-20260826-070617.jpg,"Exhausted and used, she lies on the deck as the sun begins to rise, the men finally satisfied after hours of relief"
40,photo-20260826-070619-01.jpg,https://nbiryukov25.github.io/joyce-photos-gallery/assets/Northern-Summer-Fun/photo-20260826-070619-01.jpg,"The older man helps her dress, smirking as he says 'I told you it would be a fun cruise' while she can barely stand"
41,photo-20260826-070621-02.jpg,https://nbiryukov25.github.io/joyce-photos-gallery/assets/Northern-Summer-Fun/photo-20260826-070621-02.jpg,"She stumbles off the boat at dawn, her legs weak, makeup smeared, and body marked from the night's marathon"
42,video-20260826-070731.mp4,https://nbiryukov25.github.io/joyce-photos-gallery/assets/Northern-Summer-Fun/video-20260826-070731.mp4,"Video footage of her being passed between all three men on the deck, her husband will never see what she really did on her 'solo' cruise"
43,photo-20260828-062303.jpg,https://nbiryukov25.github.io/joyce-photos-gallery/assets/Northern-Summer-Fun/photo-20260828-062303.jpg,"Two days later, her husband picks her up from the hotel - she told him she stayed an extra night to 'rest' but she was actually recovering from being used by multiple men"
